{
	"info": {
		"_postman_id": "4b292833-f889-400c-9c61-5e627049c844",
		"name": "Laravel Breeze API",
		"description": "Postman collection for testing Laravel Breeze API routes",
		"schema": "https://schema.getpostman.com/json/collection/v2.1.0/collection.json",
		"_exporter_id": "41557705"
	},
	"item": [
		{
			"name": "Register",
			"request": {
				"method": "POST",
				"header": [
					{
						"key": "Content-Type",
						"value": "application/json"
					}
				],
				"body": {
					"mode": "raw",
					"raw": "{\n  \"name\": \"Test User\",\n  \"email\": \"testuser@example.com\",\n  \"password\": \"password123\",\n  \"password_confirmation\": \"password123\"\n}"
				},
				"url": {
					"raw": "{{baseUrl}}/register",
					"host": [
						"{{baseUrl}}"
					],
					"path": [
						"register"
					]
				}
			},
			"response": []
		},
		{
			"name": "Login",
			"request": {
				"method": "POST",
				"header": [
					{
						"key": "Content-Type",
						"value": "application/json"
					}
				],
				"body": {
					"mode": "raw",
					"raw": "{\n  \"email\": \"testuser@example.com\",\n  \"password\": \"password123\"\n}"
				},
				"url": {
					"raw": "{{baseUrl}}/login",
					"host": [
						"{{baseUrl}}"
					],
					"path": [
						"login"
					]
				}
			},
			"response": []
		},
		{
			"name": "Get Authenticated User",
			"request": {
				"method": "GET",
				"header": [
					{
						"key": "Authorization",
						"value": "Bearer {{access_token}}"
					}
				],
				"url": {
					"raw": "{{baseUrl}}/user",
					"host": [
						"{{baseUrl}}"
					],
					"path": [
						"user"
					]
				}
			},
			"response": []
		},
		{
			"name": "Logout",
			"request": {
				"method": "POST",
				"header": [
					{
						"key": "Authorization",
						"value": "Bearer {{access_token}}"
					},
					{
						"key": "Content-Type",
						"value": "application/json"
					},
					{
						"key": "Accept",
						"value": "application/json",
						"type": "text"
					}
				],
				"body": {
					"mode": "raw",
					"raw": "",
					"options": {
						"raw": {
							"language": "json"
						}
					}
				},
				"url": {
					"raw": "{{baseUrl}}/logout",
					"host": [
						"{{baseUrl}}"
					],
					"path": [
						"logout"
					]
				}
			},
			"response": []
		},
		{
			"name": "Forgot Password",
			"request": {
				"method": "POST",
				"header": [
					{
						"key": "Content-Type",
						"value": "application/json"
					}
				],
				"body": {
					"mode": "raw",
					"raw": "{\n  \"email\": \"testuser@example.com\"\n}"
				},
				"url": {
					"raw": "{{baseUrl}}/forgot-password",
					"host": [
						"{{baseUrl}}"
					],
					"path": [
						"forgot-password"
					]
				}
			},
			"response": []
		},
		{
			"name": "Reset Password",
			"request": {
				"method": "POST",
				"header": [
					{
						"key": "Content-Type",
						"value": "application/json"
					}
				],
				"body": {
					"mode": "raw",
					"raw": "{\n  \"email\": \"testuser@example.com\",\n  \"token\": \"{{reset_token}}\",\n  \"password\": \"newpassword123\",\n  \"password_confirmation\": \"newpassword123\"\n}"
				},
				"url": {
					"raw": "{{baseUrl}}/reset-password",
					"host": [
						"{{baseUrl}}"
					],
					"path": [
						"reset-password"
					]
				}
			},
			"response": []
		},
		{
			"name": "Verify Email",
			"request": {
				"method": "GET",
				"header": [
					{
						"key": "Authorization",
						"value": "Bearer {{access_token}}"
					}
				],
				"url": {
					"raw": "{{baseUrl}}/verify-email/{{id}}/{{hash}}",
					"host": [
						"{{baseUrl}}"
					],
					"path": [
						"verify-email",
						"{{id}}",
						"{{hash}}"
					]
				}
			},
			"response": []
		},
		{
			"name": "Send Email Verification Notification",
			"request": {
				"method": "POST",
				"header": [
					{
						"key": "Authorization",
						"value": "Bearer {{access_token}}"
					},
					{
						"key": "Content-Type",
						"value": "application/json"
					}
				],
				"url": {
					"raw": "{{baseUrl}}/email/verification-notification",
					"host": [
						"{{baseUrl}}"
					],
					"path": [
						"email",
						"verification-notification"
					]
				}
			},
			"response": []
		},
		{
			"name": "get user",
			"request": {
				"method": "GET",
				"header": [],
				"url": {
					"raw": "{{baseUrl}}/user/abcd",
					"host": [
						"{{baseUrl}}"
					],
					"path": [
						"user",
						"abcd"
					]
				}
			},
			"response": []
		},
		{
			"name": "create user",
			"request": {
				"method": "POST",
				"header": [],
				"body": {
					"mode": "raw",
					"raw": "{\r\n  \"name\": \"John Doe\",\r\n  \"email\": \"john@example.com\",\r\n  \"password\": \"secret123\",\r\n  \"password_confirmation\": \"secret123\"\r\n}\r\n",
					"options": {
						"raw": {
							"language": "json"
						}
					}
				},
				"url": {
					"raw": "{{baseUrl}}/users",
					"host": [
						"{{baseUrl}}"
					],
					"path": [
						"users"
					]
				}
			},
			"response": []
		}
	],
	"variable": [
		{
			"key": "baseUrl",
			"value": "http://localhost/api"
		},
		{
			"key": "access_token",
			"value": ""
		},
		{
			"key": "reset_token",
			"value": ""
		},
		{
			"key": "id",
			"value": ""
		},
		{
			"key": "hash",
			"value": ""
		}
	]
}